﻿"Manufacturer Part Number","Manufacturer","Digi-Key Part Number","Reference Designator","Part Status","Quantity","Unit Price","Description"
"RC0805FR-0722KL","Yageo","311-22.0KCRCT-ND","","Active","2","0.15000","RES SMD 22K OHM 1% 1/8W 0805"
"RC0805FR-07100KL","Yageo","311-100KCRCT-ND","","Active","1","0.15000","RES SMD 100K OHM 1% 1/8W 0805"
"RC0805FR-07150KL","Yageo","311-150KCRCT-ND","","Active","1","0.15000","RES SMD 150K OHM 1% 1/8W 0805"
"TAS5754MDCAR","Texas Instruments","296-40564-1-ND","","Active","1","10.06000","IC AMP D MONO/STER 60W 48HTSSOP"
"LT3652EMSE#PBF","Linear Technology/Analog Devices","LT3652EMSE#PBF-ND","","Active","1","11.69000","IC BATTERY CHARGER SOLAR 12MSOP"
"LM74700QDBVTQ1","Texas Instruments","296-53420-1-ND","","Active","1","3.18000","LOW IQ, IDEAL DIODE CONTROLLER"
"SSM3K318R,LF","Toshiba Semiconductor and Storage","SSM3K318RLFCT-ND","","Active","1","0.59000","MOSFET N-CH 60V 2.5A TSM"
"CBC3225T220MR","Taiyo Yuden","587-1626-1-ND","","Active","1","0.49000","FIXED IND 22UH 780MA 351 MOHM"
"1255AY-4R7M=P3","Murata Electronics","490-10812-1-ND","","Active","4","0.74000","FIXED IND 4.7UH 4.5A 27.6 MOHM"
"0393570004","Molex","WM7860-ND","","Active","1","2.31000","TERM BLK 4POS SIDE ENT 3.5MM PCB"
"68000-406HLF","Amphenol ICC (FCI)","609-3263-ND","","Active","1","0.39000","CONN HEADER VERT 6POS 2.54MM"
"SJ-43514","CUI Devices","CP-43514-ND","","Active","1","1.53000","CONN JACK 4COND 3.5MM R/A"
"APBD3224ESGC-F01","Kingbright","754-1076-1-ND","","Active","1","0.76000","LED GREEN/RED CLEAR SMD"
"B340A-13-F","Diodes Incorporated","B340A-FDICT-ND","","Active","1","0.59000","DIODE SCHOTTKY 40V 3A SMA"
"CC0805ZRY5V9BB104","Yageo","311-1361-1-ND","","Active","6","0.16000","CAP CER 0.1UF 50V Y5V 0805"
"RC0805FR-0710KL","Yageo","311-10.0KCRCT-ND","","Active","3","0.15000","RES SMD 10K OHM 1% 1/8W 0805"
"C0805C684K5RACAUTO","KEMET","399-15904-1-ND","","Active","5","0.49000","CAP CER 0.68UF 50V X7R 0805"
"ESP32-WROVER-B (M213DH6464PC3Q0)","Espressif Systems","1904-1034-1-ND","","Active","1","6.91000","SMD MODULE ESP32-WROVER-B, ESP32"
"RC0805JR-07270RL","Yageo","311-270ARCT-ND","","Active","1","0.15000","RES SMD 270 OHM 5% 1/8W 0805"
"RC0805FR-07680RL","Yageo","311-680CRCT-ND","","Active","1","0.15000","RES SMD 680 OHM 1% 1/8W 0805"
"B240S1F-7","Diodes Incorporated","B240S1F-7DICT-ND","","Active","2","0.56000","DIODE SCHOTTKY 40V 2A SOD123F"
"BAV21HWF-7","Diodes Incorporated","BAV21HWF-7DICT-ND","","Active","1","0.51000","DIODE GP 200V 200MA SOD123F"
"RC0805FR-07750KL","Yageo","311-750KCRCT-ND","","Active","1","0.15000","RES SMD 750K OHM 1% 1/8W 0805"
"EVP-BB2A9B000","Panasonic Electronic Components","P19888CT-ND","","Active","1","0.89000","SWITCH TACTILE SPST-NO 0.02A 15V"
"TPS54202DDCT","Texas Instruments","296-44151-1-ND","","Active","1","2.29000","IC REG BUCK ADJ 2A TSOT23-6"
"RC0805FR-07174KL","Yageo","311-174KCRCT-ND","","Active","1","0.15000","RES SMD 174K OHM 1% 1/8W 0805"
"TPS22810DBVR","Texas Instruments","296-45297-1-ND","","Active","1","0.95000","IC PWR SWITCH N-CHAN 1:1 SOT23-6"
"RC0805FR-07110KL","Yageo","311-110KCRCT-ND","","Active","1","0.15000","RES SMD 110K OHM 1% 1/8W 0805"
"V5618A","Assmann WSW Components","AE10819-ND","","Active","1","0.61000","HEATSINK ALUM ANOD"
"PLT133/T10W","Everlight Electronics Co Ltd","1080-1430-ND","","Active","1","2.03000","TRANSMITTER FBR OPT IR PHOTOLINK"
"APT2012LSECK/J3-PRV","Kingbright","754-1935-1-ND","","Active","1","0.97000","LED RED CLEAR 2SMD"
"BZT52B2V4 RHG","Taiwan Semiconductor Corporation","BZT52B2V4RHGCT-ND","","Active","1","0.39000","DIODE ZENER 2.4V 500MW SOD123F"
"PJ-047AH","CUI Devices","CP-047AH-ND","","Active","1","1.15000","CONN PWR JACK 2X5.5MM SOLDER"
"885012207100","Würth Elektronik","732-7675-1-ND","","Active","4","0.14000","CAP CER 0.22UF 50V X7R 0805"
"CL21B105KBFNFNE","Samsung Electro-Mechanics","1276-2928-1-ND","","Active","8","0.22000","CAP CER 1UF 50V X7R 0805"
"CL21A225KBFNNNE","Samsung Electro-Mechanics","1276-6702-1-ND","","Active","4","0.51000","CAP CER 2.2UF 50V X5R 0805"
"C2012X5R1V226M125AC","TDK Corporation","445-14428-1-ND","","Active","10","1.24500","CAP CER 22UF 35V X5R 0805"
"ERA-6AEB6343V","Panasonic Electronic Components","P634KDACT-ND","","Active","1","0.52000","RES 634K OHM 0.1% 1/8W 0805"
"ERA-6AEB4123V","Panasonic Electronic Components","P412KDACT-ND","","Active","1","0.52000","RES 412K OHM 0.1% 1/8W 0805"
"ASPI-4030S-100M-T","Abracon LLC","535-12314-1-ND","","Active","1","0.74000","FIXED IND 10UH 1.5A 100 MOHM SMD"
"RL0805FR-070R13L","Yageo","311-.13SCT-ND","","Active","1","0.55000","RES 0.13 OHM 1% 1/8W 0805"
"S2B-XH-A-1(LF)(SN)","JST Sales America Inc.","455-4226-ND","","Active","1","0.26000","CONN HEADER R/A 2POS 2.5MM"
"5054311000","Molex","WM17048CT-ND","","Active","1","0.15000","CONN SOCKET 26-30AWG CRIMP TIN"
"5055670871","Molex","WM17115CT-ND","","Active","1","1.75000","CONN HEADER SMD R/A 8POS 1.25MM"
"CJS-1200TA","Nidec Copal Electronics","563-1021-1-ND","","Active","1","1.23000","SWITCH SLIDE SPDT 100MA 6V"
"5055650801","Molex","WM17153-ND","","Active","1","0.48000","CONN RCPT HSG 1.25MM BLK"
"5055680871","Molex","WM17123CT-ND","","Active","1","1.13000","CONN HEADER SMD 8POS 1.25MM"
"RT0805BRD0725K5L","Yageo","YAG4863CT-ND","","Active","1","0.61000","RES SMD 25.5K OHM 0.1% 1/8W 0805"
"125SH-B-02-TS","Adam Tech","2057-125SH-B-02-TS-ND","","Active","3","0.26000","CONN HEADER VERT 2POS 1.25MM"